TABLE_NAME	INDEX_NAME	NON_UNIQUE	SEQ_IN_INDEX	COLUMN_NAME	SUB_PART
accounts_receivable	ar_no	0	1	ar_no	
accounts_receivable	PRIMARY	0	1	id	
accounts_receivable_payments	PRIMARY	0	1	id	
accounts_receivable_series_nos	PRIMARY	0	1	id	
accounts_receivable_types	PRIMARY	0	1	id	
adjustments	PRIMARY	0	1	id	
ar_ledger	PRIMARY	0	1	id	
banks	PRIMARY	0	1	id	
barcodes	PRIMARY	0	1	id	
borrower_slips	PRIMARY	0	1	id	
borrower_slip_items	PRIMARY	0	1	id	
branches	PRIMARY	0	1	id	
branch_locations	PRIMARY	0	1	id	
cash_drawer	PRIMARY	0	1	id	
cash_drawer_accounts_receivables	PRIMARY	0	1	id	
cash_drawer_checks	PRIMARY	0	1	id	
cash_drawer_cheques	PRIMARY	0	1	id	
cash_drawer_credit_cards	PRIMARY	0	1	id	
cash_drawer_expenses	PRIMARY	0	1	id	
cash_drawer_gift_certificates	PRIMARY	0	1	id	
cash_drawer_last_remittances	PRIMARY	0	1	id	
cash_drawer_prepaids	PRIMARY	0	1	id	
cash_drawer_remittances	PRIMARY	0	1	id	
cash_drawer_tips	PRIMARY	0	1	id	
categories	PRIMARY	0	1	id	
charge_in_advance	PRIMARY	0	1	id	
charge_in_advance_cancelled_items	PRIMARY	0	1	id	
charge_in_advance_items	PRIMARY	0	1	id	
charge_payments	PRIMARY	0	1	id	
charge_payment_items	PRIMARY	0	1	id	
check_holders	PRIMARY	0	1	id	
classification	PRIMARY	0	1	id	
conversions	PRIMARY	0	1	id	
conversion_items	PRIMARY	0	1	id	
credit_cards	PRIMARY	0	1	id	
customers	customer_no	0	1	customer_no	
customers	PRIMARY	0	1	id	
customer_departments	PRIMARY	0	1	id	
disbursements	PRIMARY	0	1	id	
disbursement_categories	PRIMARY	0	1	id	
discounts	PRIMARY	0	1	id	
discount_customers	PRIMARY	0	1	id	
encoding_inventory	PRIMARY	0	1	id	
expenses	PRIMARY	0	1	id	
inventory	PRIMARY	0	1	id	
inventory_assembly	PRIMARY	0	1	id	
inventory_barcodes	PRIMARY	0	1	id	
inventory_brand	PRIMARY	0	1	id	
inventory_category	PRIMARY	0	1	id	
inventory_classification	PRIMARY	0	1	id	
inventory_model	PRIMARY	0	1	id	
inventory_multi_level_pricing	PRIMARY	0	1	id	
inventory_price_updates	PRIMARY	0	1	id	
inventory_replenishments	inventory_replenishment_no	0	1	inventory_replenishment_no	
inventory_replenishments	PRIMARY	0	1	id	
inventory_replenishment_items	PRIMARY	0	1	id	
inventory_sub_classification	PRIMARY	0	1	id	
inventory_uom	PRIMARY	0	1	id	
inv_categories	PRIMARY	0	1	id	
inv_classifications	PRIMARY	0	1	id	
inv_sub_classifications	PRIMARY	0	1	id	
items	PRIMARY	0	1	id	
item_multi_level_pricing	PRIMARY	0	1	id	
item_replacements	PRIMARY	0	1	id	
item_replacement_details	PRIMARY	0	1	id	
loading_list	PRIMARY	0	1	id	
local_branch_query_uploads	PRIMARY	0	1	id	
main_branch_query_uploads	PRIMARY	0	1	id	
multi_pricing	PRIMARY	0	1	id	
my_services	PRIMARY	0	1	id	
my_services_barcodes_customers	PRIMARY	0	1	id	
my_services_crews	PRIMARY	0	1	id	
my_services_customers	PRIMARY	0	1	id	
my_services_departments	PRIMARY	0	1	id	
my_services_description	PRIMARY	0	1	id	
my_services_description_customers	PRIMARY	0	1	id	
my_services_item_replacements	PRIMARY	0	1	id	
my_services_item_replacements_customers	PRIMARY	0	1	id	
my_services_others	PRIMARY	0	1	id	
my_services_others_customers	PRIMARY	0	1	id	
my_services_particulars	PRIMARY	0	1	id	
my_services_problems	PRIMARY	0	1	id	
my_services_problems_customers	PRIMARY	0	1	id	
my_services_uom	PRIMARY	0	1	id	
my_service_type	PRIMARY	0	1	id	
new_inventory	PRIMARY	0	1	id	
new_inventory_items	PRIMARY	0	1	id	
notifications	PRIMARY	0	1	id	
orders	PRIMARY	0	1	id	
orders	sales_no	0	1	sales_no	
order_items	PRIMARY	0	1	id	
other_adjustments	PRIMARY	0	1	id	
payment_terms	PRIMARY	0	1	id	
prepaid_payments	PRIMARY	0	1	id	
purchase_orders	PRIMARY	0	1	id	
purchase_order_items	PRIMARY	0	1	id	
receipts	PRIMARY	0	1	id	
receipt_barcodes	PRIMARY	0	1	id	
receipt_endorsements	PRIMARY	0	1	id	
receipt_endorsement_items	PRIMARY	0	1	id	
receipt_items	PRIMARY	0	1	id	
receipt_serial_nos	PRIMARY	0	1	id	
requisition_slips	PRIMARY	0	1	id	
requisition_slip_items	PRIMARY	0	1	id	
return_from_customers	PRIMARY	0	1	id	
return_from_customer_items	PRIMARY	0	1	id	
return_to_suppliers	PRIMARY	0	1	id	
return_to_supplier_items	PRIMARY	0	1	id	
sales	CK_Per_No	0	1	sales_no	
sales	PRIMARY	0	1	id	
sales	PRIMARY	0	2	sales_no	
sales_item	PRIMARY	0	1	id	
sales_on_account	PRIMARY	0	1	id	
sales_orders	PRIMARY	0	1	id	
sales_orders	sales_no	0	1	sales_no	
sales_order_items	PRIMARY	0	1	id	
sales_services	PRIMARY	0	1	id	
sale_items	PRIMARY	0	1	id	
sale_item_consumptions	PRIMARY	0	1	id	
sale_item_consumption_details	PRIMARY	0	1	id	
sale_item_replacements	PRIMARY	0	1	id	
sale_slip_nos	PRIMARY	0	1	id	
selling_type	PRIMARY	0	1	id	
services	PRIMARY	0	1	id	
settings	PRIMARY	0	1	id	
sheet	PRIMARY	0	1	id	
stock_takes	PRIMARY	0	1	id	
stock_take_items	PRIMARY	0	1	id	
stock_transfer	PRIMARY	0	1	id	
stock_transfers	PRIMARY	0	1	id	
stock_transfers_items	PRIMARY	0	1	id	
stock_transfer_items	PRIMARY	0	1	id	
stock_transfer_privileges	PRIMARY	0	1	id	
suppliers	PRIMARY	0	1	id	
supplier_departments	PRIMARY	0	1	id	
synch_locations	PRIMARY	0	1	id	
synch_upload_locations	PRIMARY	0	1	id	
terminals	PRIMARY	0	1	id	
terms	PRIMARY	0	1	id	
uom	PRIMARY	0	1	id	
users	PRIMARY	0	1	id	
user_default_previleges	PRIMARY	0	1	id	
user_default_previlege_others	PRIMARY	0	1	id	
user_logs	PRIMARY	0	1	id	
user_previleges	PRIMARY	0	1	id	
user_previlege_others	PRIMARY	0	1	id	
user_price_change_requests	PRIMARY	0	1	id	
user_price_change_request_logs	PRIMARY	0	1	id	
voids	PRIMARY	0	1	id	
void_items	PRIMARY	0	1	id	
warranties	PRIMARY	0	1	id	
warranty_items	PRIMARY	0	1	id	
witholding_tax	PRIMARY	0	1	id	
