TABLE_NAME	TABLE_TYPE	ENGINE	TABLE_ROWS	TABLE_COLLATION
accounts_payable	BASE TABLE	InnoDB	0	latin1_swedish_ci
accounts_payable_payments	BASE TABLE	InnoDB	0	latin1_swedish_ci
accounts_receivable	BASE TABLE	InnoDB	7706	latin1_swedish_ci
accounts_receivable_payments	BASE TABLE	InnoDB	8460	latin1_swedish_ci
accounts_receivable_series_nos	BASE TABLE	InnoDB	0	latin1_swedish_ci
accounts_receivable_types	BASE TABLE	InnoDB	8	latin1_swedish_ci
adjustments	BASE TABLE	InnoDB	489	latin1_swedish_ci
ar_ledger	BASE TABLE	InnoDB	0	latin1_swedish_ci
banks	BASE TABLE	InnoDB	7	latin1_swedish_ci
barcodes	BASE TABLE	InnoDB	78	latin1_swedish_ci
borrower_slips	BASE TABLE	InnoDB	2	latin1_swedish_ci
borrower_slip_items	BASE TABLE	InnoDB	3	latin1_swedish_ci
branches	BASE TABLE	InnoDB	6	latin1_swedish_ci
branch_locations	BASE TABLE	InnoDB	14	latin1_swedish_ci
cash_drawer	BASE TABLE	InnoDB	5190	latin1_swedish_ci
cash_drawer_accounts_receivables	BASE TABLE	InnoDB	0	latin1_swedish_ci
cash_drawer_checks	BASE TABLE	InnoDB	0	latin1_swedish_ci
cash_drawer_cheques	BASE TABLE	InnoDB	0	latin1_swedish_ci
cash_drawer_credit_cards	BASE TABLE	InnoDB	0	latin1_swedish_ci
cash_drawer_expenses	BASE TABLE	InnoDB	0	latin1_swedish_ci
cash_drawer_gift_certificates	BASE TABLE	InnoDB	0	latin1_swedish_ci
cash_drawer_last_remittances	BASE TABLE	InnoDB	1	latin1_swedish_ci
cash_drawer_prepaids	BASE TABLE	InnoDB	0	latin1_swedish_ci
cash_drawer_remittances	BASE TABLE	InnoDB	1487	latin1_swedish_ci
cash_drawer_tips	BASE TABLE	InnoDB	0	latin1_swedish_ci
categories	BASE TABLE	InnoDB	5	latin1_swedish_ci
charge_in_advance	BASE TABLE	InnoDB	0	latin1_swedish_ci
charge_in_advance_cancelled_items	BASE TABLE	InnoDB	5	latin1_swedish_ci
charge_in_advance_items	BASE TABLE	InnoDB	175	latin1_swedish_ci
charge_payments	BASE TABLE	InnoDB	0	latin1_swedish_ci
charge_payment_items	BASE TABLE	InnoDB	1	latin1_swedish_ci
check_holders	BASE TABLE	InnoDB	5	latin1_swedish_ci
classification	BASE TABLE	InnoDB	0	latin1_swedish_ci
conversions	BASE TABLE	InnoDB	0	latin1_swedish_ci
conversion_items	BASE TABLE	InnoDB	0	latin1_swedish_ci
credit_cards	BASE TABLE	InnoDB	3	latin1_swedish_ci
customers	BASE TABLE	InnoDB	1067	latin1_swedish_ci
customer_departments	BASE TABLE	InnoDB	0	latin1_swedish_ci
disbursements	BASE TABLE	InnoDB	9	latin1_swedish_ci
disbursement_categories	BASE TABLE	InnoDB	9	latin1_swedish_ci
discounts	BASE TABLE	InnoDB	4	latin1_swedish_ci
discount_customers	BASE TABLE	InnoDB	8	latin1_swedish_ci
encoding_inventory	BASE TABLE	InnoDB	10806	latin1_swedish_ci
expenses	BASE TABLE	InnoDB	4	latin1_swedish_ci
inventory	BASE TABLE	InnoDB	9685	latin1_swedish_ci
inventory_assembly	BASE TABLE	InnoDB	25	latin1_swedish_ci
inventory_barcodes	BASE TABLE	InnoDB	140315	latin1_swedish_ci
inventory_brand	BASE TABLE	InnoDB	761	latin1_swedish_ci
inventory_category	BASE TABLE	InnoDB	24	latin1_swedish_ci
inventory_classification	BASE TABLE	InnoDB	527	latin1_swedish_ci
inventory_model	BASE TABLE	InnoDB	6513	latin1_swedish_ci
inventory_multi_level_pricing	BASE TABLE	InnoDB	2	latin1_swedish_ci
inventory_price_updates	BASE TABLE	InnoDB	4227	latin1_swedish_ci
inventory_replenishments	BASE TABLE	InnoDB	17	latin1_swedish_ci
inventory_replenishment_items	BASE TABLE	InnoDB	86354	latin1_swedish_ci
inventory_sub_classification	BASE TABLE	InnoDB	874	latin1_swedish_ci
inventory_uom	BASE TABLE	InnoDB	13	latin1_swedish_ci
inv_categories	BASE TABLE	InnoDB	54	latin1_swedish_ci
inv_classifications	BASE TABLE	InnoDB	4	latin1_swedish_ci
inv_sub_classifications	BASE TABLE	InnoDB	1	latin1_swedish_ci
items	BASE TABLE	InnoDB	0	latin1_swedish_ci
item_multi_level_pricing	BASE TABLE	InnoDB	0	latin1_swedish_ci
item_replacements	BASE TABLE	InnoDB	61	latin1_swedish_ci
item_replacement_details	BASE TABLE	InnoDB	144	latin1_swedish_ci
loading_list	BASE TABLE	InnoDB	0	latin1_swedish_ci
local_branch_query_uploads	BASE TABLE	InnoDB	0	latin1_swedish_ci
main_branch_query_uploads	BASE TABLE	InnoDB	1099	latin1_swedish_ci
multi_pricing	BASE TABLE	InnoDB	0	latin1_swedish_ci
my_services	BASE TABLE	InnoDB	22833	latin1_swedish_ci
my_services_barcodes_customers	BASE TABLE	InnoDB	0	latin1_swedish_ci
my_services_crews	BASE TABLE	InnoDB	27	latin1_swedish_ci
my_services_customers	BASE TABLE	InnoDB	25991	latin1_swedish_ci
my_services_departments	BASE TABLE	InnoDB	4	latin1_swedish_ci
my_services_description	BASE TABLE	InnoDB	489	latin1_swedish_ci
my_services_description_customers	BASE TABLE	InnoDB	21314	latin1_swedish_ci
my_services_item_replacements	BASE TABLE	InnoDB	0	latin1_swedish_ci
my_services_item_replacements_customers	BASE TABLE	InnoDB	2832	latin1_swedish_ci
my_services_others	BASE TABLE	InnoDB	66	latin1_swedish_ci
my_services_others_customers	BASE TABLE	InnoDB	1415	latin1_swedish_ci
my_services_particulars	BASE TABLE	InnoDB	0	latin1_swedish_ci
my_services_problems	BASE TABLE	InnoDB	1564	latin1_swedish_ci
my_services_problems_customers	BASE TABLE	InnoDB	24377	latin1_swedish_ci
my_services_uom	BASE TABLE	InnoDB	78	latin1_swedish_ci
my_service_type	BASE TABLE	InnoDB	7	latin1_swedish_ci
new_inventory	BASE TABLE	InnoDB	52	latin1_swedish_ci
new_inventory_items	BASE TABLE	InnoDB	52	latin1_swedish_ci
notifications	BASE TABLE	InnoDB	0	latin1_swedish_ci
orders	BASE TABLE	InnoDB	195	latin1_swedish_ci
order_items	BASE TABLE	InnoDB	359	latin1_swedish_ci
other_adjustments	BASE TABLE	InnoDB	0	latin1_swedish_ci
payment_terms	BASE TABLE	InnoDB	9	latin1_swedish_ci
prepaid_payments	BASE TABLE	InnoDB	445	latin1_swedish_ci
purchase_orders	BASE TABLE	InnoDB	0	latin1_swedish_ci
purchase_order_items	BASE TABLE	InnoDB	0	latin1_swedish_ci
receipts	BASE TABLE	InnoDB	1110	latin1_swedish_ci
receipt_barcodes	BASE TABLE	InnoDB	0	latin1_swedish_ci
receipt_endorsements	BASE TABLE	InnoDB	0	latin1_swedish_ci
receipt_endorsement_items	BASE TABLE	InnoDB	0	latin1_swedish_ci
receipt_items	BASE TABLE	InnoDB	3121	latin1_swedish_ci
receipt_serial_nos	BASE TABLE	InnoDB	0	latin1_swedish_ci
requisition_slips	BASE TABLE	InnoDB	0	latin1_swedish_ci
requisition_slip_items	BASE TABLE	InnoDB	0	latin1_swedish_ci
return_from_customers	BASE TABLE	InnoDB	1	latin1_swedish_ci
return_from_customer_items	BASE TABLE	InnoDB	1	latin1_swedish_ci
return_to_suppliers	BASE TABLE	InnoDB	0	latin1_swedish_ci
return_to_supplier_items	BASE TABLE	InnoDB	0	latin1_swedish_ci
rmas	BASE TABLE	InnoDB	0	latin1_swedish_ci
rma_items	BASE TABLE	InnoDB	0	latin1_swedish_ci
sales	BASE TABLE	InnoDB	72931	latin1_swedish_ci
sales_item	BASE TABLE	InnoDB	0	latin1_swedish_ci
sales_on_account	BASE TABLE	InnoDB	4557	latin1_swedish_ci
sales_orders	BASE TABLE	InnoDB	0	latin1_swedish_ci
sales_order_items	BASE TABLE	InnoDB	0	latin1_swedish_ci
sales_services	BASE TABLE	InnoDB	0	latin1_swedish_ci
sale_items	BASE TABLE	InnoDB	111672	latin1_swedish_ci
sale_item_consumptions	BASE TABLE	InnoDB	0	latin1_swedish_ci
sale_item_consumption_details	BASE TABLE	InnoDB	0	latin1_swedish_ci
sale_item_replacements	BASE TABLE	InnoDB	412	latin1_swedish_ci
sale_slip_nos	BASE TABLE	InnoDB	0	latin1_swedish_ci
selling_type	BASE TABLE	InnoDB	2	latin1_swedish_ci
services	BASE TABLE	InnoDB	2	latin1_swedish_ci
settings	BASE TABLE	InnoDB	1	latin1_swedish_ci
sheet	BASE TABLE	InnoDB	114	latin1_swedish_ci
stock_takes	BASE TABLE	InnoDB	0	latin1_swedish_ci
stock_take_items	BASE TABLE	InnoDB	0	latin1_swedish_ci
stock_transfer	BASE TABLE	InnoDB	0	latin1_swedish_ci
stock_transfers	BASE TABLE	InnoDB	3491	latin1_swedish_ci
stock_transfers_items	BASE TABLE	InnoDB	15092	latin1_swedish_ci
stock_transfer_items	BASE TABLE	InnoDB	0	latin1_swedish_ci
stock_transfer_privileges	BASE TABLE	InnoDB	358	latin1_swedish_ci
suppliers	BASE TABLE	InnoDB	96	latin1_swedish_ci
supplier_departments	BASE TABLE	InnoDB	0	latin1_swedish_ci
synch_locations	BASE TABLE	InnoDB	0	latin1_swedish_ci
synch_upload_locations	BASE TABLE	InnoDB	0	latin1_swedish_ci
terminals	BASE TABLE	InnoDB	0	latin1_swedish_ci
terms	BASE TABLE	InnoDB	5	latin1_swedish_ci
uom	BASE TABLE	InnoDB	15	latin1_swedish_ci
users	BASE TABLE	InnoDB	38	latin1_swedish_ci
user_default_previleges	BASE TABLE	InnoDB	164	latin1_swedish_ci
user_default_previlege_others	BASE TABLE	InnoDB	24	latin1_swedish_ci
user_logs	BASE TABLE	InnoDB	10636	latin1_swedish_ci
user_previleges	BASE TABLE	InnoDB	954	latin1_swedish_ci
user_previlege_others	BASE TABLE	InnoDB	106	latin1_swedish_ci
user_price_change_requests	BASE TABLE	InnoDB	0	latin1_swedish_ci
user_price_change_request_logs	BASE TABLE	InnoDB	0	latin1_swedish_ci
voids	BASE TABLE	InnoDB	0	latin1_swedish_ci
void_items	BASE TABLE	InnoDB	0	latin1_swedish_ci
warranties	BASE TABLE	InnoDB	0	latin1_swedish_ci
warranty_items	BASE TABLE	InnoDB	0	latin1_swedish_ci
witholding_tax	BASE TABLE	InnoDB	0	latin1_swedish_ci
