"Column"	"Difference"	"LocalType"	"CloudType"
"accounts_payable.user_id"	"local only"	"varchar(255)"	""
"accounts_payable.user_screen_name"	"local only"	"varchar(255)"	""
"accounts_receivable_payments.actual_amount"	"local only"	"double"	""
"accounts_receivable_payments.credit_card_amount"	"local only"	"double"	""
"accounts_receivable_payments.credit_card_holder"	"local only"	"varchar(255)"	""
"accounts_receivable_payments.credit_card_no"	"local only"	"varchar(255)"	""
"accounts_receivable_payments.credit_card_rate"	"local only"	"double"	""
"accounts_receivable_payments.credit_card_type"	"local only"	"varchar(255)"	""
"accounts_receivable_payments.gift_certificate_amount"	"local only"	"double"	""
"accounts_receivable_payments.gift_certificate_description"	"local only"	"varchar(255)"	""
"accounts_receivable_payments.gift_certificate_from"	"local only"	"varchar(255)"	""
"accounts_receivable_payments.gift_certificate_no"	"local only"	"varchar(255)"	""
"accounts_receivable_payments.online_amount"	"local only"	"double"	""
"accounts_receivable_payments.online_bank"	"local only"	"varchar(255)"	""
"accounts_receivable_payments.online_date"	"local only"	"date"	""
"accounts_receivable_payments.online_holder"	"local only"	"varchar(255)"	""
"accounts_receivable_payments.online_reference_no"	"local only"	"varchar(255)"	""
"accounts_receivable_payments.prepaid_amount"	"local only"	"double"	""
"accounts_receivable_payments.prepaid_customer_id"	"local only"	"varchar(255)"	""
"accounts_receivable_payments.prepaid_customer_name"	"local only"	"varchar(255)"	""
"cash_drawer.lock_session"	"local only"	"int(11)"	""
"encoding_inventory.remarks"	"type/nullability"	"text nullable=YES"	"varchar(255) nullable=YES"
"inventory_barcodes.updated_at"	"local only"	"datetime"	""
"inventory.updated_at"	"local only"	"datetime"	""
"item_replacement_details.addtl_amount"	"local only"	"double"	""
"item_replacement_details.wtax"	"local only"	"double"	""
"my_services_item_replacements_customers.description"	"type/nullability"	"varchar(500) nullable=YES"	"varchar(100) nullable=YES"
"prepaid_payments.refund"	"local only"	"int(11)"	""
"prepaid_payments.remarks"	"type/nullability"	"varchar(500) nullable=YES"	"varchar(255) nullable=YES"
"purchase_order_items.barcode"	"type/nullability"	"varchar(500) nullable=YES"	"varchar(255) nullable=YES"
"purchase_order_items.brand"	"type/nullability"	"varchar(100) nullable=YES"	"varchar(255) nullable=YES"
"purchase_order_items.brand_id"	"type/nullability"	"varchar(100) nullable=YES"	"varchar(255) nullable=YES"
"purchase_order_items.category"	"type/nullability"	"varchar(500) nullable=YES"	"varchar(255) nullable=YES"
"purchase_order_items.category_id"	"type/nullability"	"varchar(500) nullable=YES"	"varchar(255) nullable=YES"
"purchase_order_items.classification"	"type/nullability"	"varchar(500) nullable=YES"	"varchar(255) nullable=YES"
"purchase_order_items.classification_id"	"type/nullability"	"varchar(500) nullable=YES"	"varchar(255) nullable=YES"
"purchase_order_items.conversion"	"type/nullability"	"int(11) nullable=YES"	"double nullable=YES"
"purchase_order_items.cost"	"local only"	"double"	""
"purchase_order_items.description"	"type/nullability"	"varchar(500) nullable=YES"	"varchar(255) nullable=YES"
"purchase_order_items.main_barcode"	"type/nullability"	"varchar(100) nullable=YES"	"varchar(255) nullable=YES"
"purchase_order_items.model"	"type/nullability"	"varchar(100) nullable=YES"	"varchar(255) nullable=YES"
"purchase_order_items.model_id"	"type/nullability"	"varchar(100) nullable=YES"	"varchar(255) nullable=YES"
"purchase_order_items.po_no"	"type/nullability"	"varchar(100) nullable=YES"	"varchar(255) nullable=YES"
"purchase_order_items.qty"	"local only"	"double"	""
"purchase_order_items.remarks"	"type/nullability"	"varchar(500) nullable=YES"	"varchar(255) nullable=YES"
"purchase_order_items.session_no"	"type/nullability"	"varchar(500) nullable=YES"	"varchar(255) nullable=YES"
"purchase_order_items.sub_class"	"type/nullability"	"varchar(500) nullable=YES"	"varchar(255) nullable=YES"
"purchase_order_items.sub_class_id"	"type/nullability"	"varchar(500) nullable=YES"	"varchar(255) nullable=YES"
"purchase_order_items.supllier_id"	"local only"	"varchar(500)"	""
"purchase_order_items.supplier"	"type/nullability"	"varchar(500) nullable=YES"	"varchar(255) nullable=YES"
"purchase_order_items.unit"	"type/nullability"	"varchar(500) nullable=YES"	"varchar(255) nullable=YES"
"purchase_order_items.user_name"	"type/nullability"	"varchar(500) nullable=YES"	"varchar(255) nullable=YES"
"purchase_orders.account_id"	"local only"	"varchar(100)"	""
"purchase_orders.account_name"	"local only"	"varchar(100)"	""
"purchase_orders.amount"	"local only"	"double"	""
"purchase_orders.po_no"	"local only"	"varchar(100)"	""
"purchase_orders.remarks"	"type/nullability"	"varchar(500) nullable=YES"	"varchar(255) nullable=YES"
"purchase_orders.session_no"	"type/nullability"	"varchar(500) nullable=YES"	"varchar(255) nullable=YES"
"purchase_orders.user_name"	"type/nullability"	"varchar(500) nullable=YES"	"varchar(255) nullable=YES"
"receipt_items.unit"	"type/nullability"	"text nullable=YES"	"varchar(100) nullable=YES"
"return_from_customer_items.cash"	"local only"	"double"	""
"return_from_customer_items.charge_amount"	"local only"	"double"	""
"return_from_customer_items.charge_ar_no"	"local only"	"varchar(255)"	""
"return_from_customer_items.charge_customer_id"	"local only"	"varchar(255)"	""
"return_from_customer_items.charge_customer_name"	"local only"	"varchar(255)"	""
"return_from_customer_items.charge_days"	"local only"	"int(11)"	""
"return_from_customer_items.charge_reference_no"	"local only"	"varchar(255)"	""
"return_from_customer_items.charge_type"	"local only"	"varchar(255)"	""
"return_from_customer_items.prepaid_amount"	"local only"	"double"	""
"return_from_customer_items.prepaid_customer_id"	"local only"	"varchar(255)"	""
"return_from_customer_items.prepaid_customer_name"	"local only"	"varchar(255)"	""
"return_from_customer_items.selling_price"	"local only"	"double"	""
"return_from_customers.cash"	"local only"	"double"	""
"return_from_customers.charge_amount"	"local only"	"double"	""
"return_from_customers.charge_ar_no"	"local only"	"varchar(255)"	""
"return_from_customers.charge_customer_id"	"local only"	"varchar(255)"	""
"return_from_customers.charge_customer_name"	"local only"	"varchar(255)"	""
"return_from_customers.charge_days"	"local only"	"int(11)"	""
"return_from_customers.charge_reference_no"	"local only"	"varchar(255)"	""
"return_from_customers.charge_type"	"local only"	"varchar(255)"	""
"return_from_customers.prepaid_amount"	"local only"	"double"	""
"return_from_customers.prepaid_customer_id"	"local only"	"varchar(255)"	""
"return_from_customers.prepaid_customer_name"	"local only"	"varchar(255)"	""
"sale_item_replacements.unit"	"type/nullability"	"text nullable=YES"	"varchar(100) nullable=YES"
"sale_items.cost"	"local only"	"double"	""
"sales_order_items.unit"	"type/nullability"	"text nullable=YES"	"varchar(100) nullable=YES"
"sales.online_amount"	"local only"	"double"	""
"sales.online_bank"	"local only"	"varchar(255)"	""
"sales.online_date"	"local only"	"date"	""
"sales.online_holder"	"local only"	"varchar(255)"	""
"sales.online_reference_no"	"local only"	"varchar(255)"	""
"sales.ref_cr_no"	"local only"	"varchar(255)"	""
"sales.ref_or_no"	"local only"	"varchar(255)"	""
"sales.ref_si_no"	"local only"	"varchar(255)"	""
"settings.ar_footer"	"local only"	"varchar(255)"	""
"settings.cloud_db"	"local only"	"varchar(255)"	""
"settings.cloud_host"	"local only"	"varchar(255)"	""
"settings.cloud_password"	"local only"	"varchar(255)"	""
"settings.cloud_port"	"local only"	"varchar(255)"	""
"settings.cloud_user"	"local only"	"varchar(255)"	""
"settings.is_main_branch"	"local only"	"int(11)"	""
"settings.version"	"local only"	"varchar(255)"	""
"stock_transfers.remarks"	"type/nullability"	"varchar(100) nullable=YES"	"text nullable=YES"
"cash_drawer.is_uploaded"	"cloud only"	""	"int(11)"
"purchase_order_items.barcodes"	"cloud only"	""	"varchar(255)"
"purchase_order_items.batch_no"	"cloud only"	""	"varchar(255)"
"purchase_order_items.branch"	"cloud only"	""	"varchar(255)"
"purchase_order_items.branch_id"	"cloud only"	""	"varchar(255)"
"purchase_order_items.date_delivered"	"cloud only"	""	"date"
"purchase_order_items.date_received"	"cloud only"	""	"date"
"purchase_order_items.location"	"cloud only"	""	"varchar(255)"
"purchase_order_items.location_id"	"cloud only"	""	"varchar(255)"
"purchase_order_items.new_cost"	"cloud only"	""	"double"
"purchase_order_items.previous_cost"	"cloud only"	""	"double"
"purchase_order_items.qty_ordered"	"cloud only"	""	"double"
"purchase_order_items.qty_received"	"cloud only"	""	"double"
"purchase_order_items.receipt_type"	"cloud only"	""	"varchar(255)"
"purchase_order_items.receipt_type_id"	"cloud only"	""	"varchar(255)"
"purchase_order_items.reference_no"	"cloud only"	""	"varchar(255)"
"purchase_order_items.serial_no"	"cloud only"	""	"varchar(255)"
"purchase_order_items.status"	"cloud only"	""	"int(11)"
"purchase_order_items.supplier_id"	"cloud only"	""	"varchar(255)"
"purchase_orders.branch"	"cloud only"	""	"varchar(255)"
"purchase_orders.branch_id"	"cloud only"	""	"varchar(255)"
"purchase_orders.date_delivered"	"cloud only"	""	"date"
"purchase_orders.date_received"	"cloud only"	""	"date"
"purchase_orders.discount"	"cloud only"	""	"varchar(255)"
"purchase_orders.discount_amount"	"cloud only"	""	"double"
"purchase_orders.discount_rate"	"cloud only"	""	"double"
"purchase_orders.gross_total"	"cloud only"	""	"double"
"purchase_orders.location"	"cloud only"	""	"varchar(255)"
"purchase_orders.location_id"	"cloud only"	""	"varchar(255)"
"purchase_orders.puchase_order_no"	"cloud only"	""	"varchar(255)"
"purchase_orders.receipt_no"	"cloud only"	""	"varchar(255)"
"purchase_orders.receipt_type"	"cloud only"	""	"varchar(255)"
"purchase_orders.receipt_type_id"	"cloud only"	""	"varchar(255)"
"purchase_orders.reference_no"	"cloud only"	""	"varchar(255)"
"purchase_orders.status"	"cloud only"	""	"int(11)"
"purchase_orders.supplier"	"cloud only"	""	"varchar(255)"
"purchase_orders.supplier_id"	"cloud only"	""	"varchar(255)"
"purchase_orders.total_qty_ordered"	"cloud only"	""	"double"
"purchase_orders.total_qty_received"	"cloud only"	""	"double"
"sale_items.is_uploaded"	"cloud only"	""	"int(11)"
"sales.is_uploaded"	"cloud only"	""	"int(11)"
